{
  "assetsByChunkName": {
    "vendors~app-account~app-checkout~app-confirmation~app-order": "chunk.8cfea854085597837e8f.js",
    "vendors~app-account~app-confirmation~app-order": "chunk.e9dec473855552e3afb2.js",
    "vendors~app-account~app-checkout": "chunk.07745fe60f99aa740eb3.js",
    "admin": [
      "admin.ce7fd52024fc98cbff91.js",
      "admin.ce7fd52024fc98cbff91.js.map"
    ],
    "app-account": "chunk.b6844c53cbcdf9b592ec.js",
    "app-confirmation": "chunk.de8641e781dd5b42f696.js",
    "app-order": "chunk.f6b4b98df42b870360c1.js",
    "checkout": [
      "checkout.d1337adb09ae698272a7.js",
      "checkout.d1337adb09ae698272a7.js.map"
    ],
    "storefront": [
      "storefront.7a7eba5c7bf5318f034c.css",
      "storefront.6754ad6cb996d53ddf3d.js",
      "storefront.7a7eba5c7bf5318f034c.css.map",
      "storefront.6754ad6cb996d53ddf3d.js.map"
    ],
    "vendors~app-cart": "chunk.4520d2ca2d3195ab0e83.js",
    "vendors~app-checkout": "chunk.726f1fcb3b1aa613f56f.js"
  }
}